source,target,weight,type
1,11,18,undirected
1,17,9,undirected
1,2186,9,undirected
1,25,9,undirected
1,2660,9,undirected
1,32,18,undirected
1,46,9,undirected
1,57,9,undirected
1,67,9,undirected
1,78,9,undirected
100,1500,17,undirected
100,1503,10,undirected
100,1529,10,undirected
100,1572,17,undirected
100,1573,10,undirected
100,1579,4,undirected
100,1721,17,undirected
100,1821,17,undirected
100,1824,10,undirected
100,1895,17,undirected
100,1896,10,undirected
100,2200,10,undirected
100,2492,34,undirected
100,25,22,undirected
100,2666,17,undirected
100,2670,10,undirected
100,2787,4,undirected
100,2788,10,undirected
100,3274,34,undirected
100,3283,10,undirected
100,3288,12,undirected
100,33,34,undirected
100,45,6,undirected
100,50,17,undirected
100,51,34,undirected
100,53,10,undirected
100,54,10,undirected
100,71,17,undirected
100,727,10,undirected
100,73,4,undirected
100,77,12,undirected
100,81,4,undirected
100,84,14,undirected
100,91,2,undirected
100,96,7,undirected
100,98,21,undirected
101,11,8,undirected
101,32,8,undirected
101,34,4,undirected
101,67,2,undirected
101,74,2,undirected
103,104,17,undirected
103,1446,6,undirected
103,1470,6,undirected
103,1489,6,undirected
103,1500,6,undirected
103,1501,6,undirected
103,1509,6,undirected
103,1536,6,undirected
103,1572,6,undirected
103,1697,6,undirected
103,1721,6,undirected
103,1808,6,undirected
103,1821,6,undirected
103,1858,6,undirected
103,1895,6,undirected
103,2069,6,undirected
103,2170,6,undirected
103,2258,6,undirected
103,2492,12,undirected
103,2644,6,undirected
103,2666,6,undirected
103,2667,6,undirected
103,2751,6,undirected
103,3274,12,undirected
103,33,12,undirected
103,3596,10,undirected
103,36,6,undirected
103,3637,6,undirected
103,3660,10,undirected
103,38,6,undirected
103,41,4,undirected
103,45,6,undirected
103,51,12,undirected
103,58,6,undirected
103,71,6,undirected
103,72,6,undirected
103,76,10,undirected
103,832,6,undirected
103,87,10,undirected
103,94,10,undirected
104,317,2,undirected
104,3596,46,undirected
104,3637,18,undirected
104,3660,46,undirected
104,38,5,undirected
104,40,12,undirected
104,43,2,undirected
104,44,5,undirected
104,45,8,undirected
104,56,6,undirected
104,60,15,undirected
104,65,7,undirected
104,70,10,undirected
104,72,18,undirected
104,75,2,undirected
104,76,46,undirected
104,78,10,undirected
104,87,5,undirected
104,88,2,undirected
104,91,13,undirected
104,94,18,undirected
104,97,2,undirected
104,99,10,undirected
11,17,18,undirected
11,18,6,undirected
11,2186,18,undirected
11,25,18,undirected
11,2660,18,undirected
11,32,232,undirected
11,34,8,undirected
11,46,18,undirected
11,57,18,undirected
11,67,18,undirected
11,78,18,undirected
14,29,3,undirected
14,317,5,undirected
14,336,44,undirected
14,43,5,undirected
14,47,13,undirected
14,66,44,undirected
14,86,7,undirected
1446,1470,149,undirected
1446,1489,149,undirected
1446,1500,102,undirected
1446,1501,83,undirected
1446,1503,98,undirected
1446,1509,149,undirected
1446,1529,98,undirected
1446,1536,149,undirected
1446,1572,102,undirected
1446,1573,65,undirected
1446,1575,65,undirected
1446,1576,74,undirected
1446,1579,86,undirected
1446,1697,149,undirected
1446,17,9,undirected
1446,1721,102,undirected
1446,1722,64,undirected
1446,1808,149,undirected
1446,1821,102,undirected
1446,1824,98,undirected
1446,1858,149,undirected
1446,1895,102,undirected
1446,1896,98,undirected
1446,2069,149,undirected
1446,2170,149,undirected
1446,2186,21,undirected
1446,2197,64,undirected
1446,2200,98,undirected
1446,2258,149,undirected
1446,2492,12,undirected
1446,25,11,undirected
1446,2644,149,undirected
1446,2660,21,undirected
1446,2666,102,undirected
1446,2667,83,undirected
1446,2670,98,undirected
1446,2751,149,undirected
1446,2785,64,undirected
1446,2787,86,undirected
1446,2788,98,undirected
1446,3274,12,undirected
1446,3283,98,undirected
1446,3288,7,undirected
1446,33,12,undirected
1446,36,149,undirected
1446,3637,3,undirected
1446,46,21,undirected
1446,47,3,undirected
1446,51,12,undirected
1446,52,64,undirected
1446,53,65,undirected
1446,54,98,undirected
1446,58,83,undirected
1446,61,65,undirected
1446,62,9,undirected
1446,63,48,undirected
1446,68,74,undirected
1446,71,102,undirected
1446,72,3,undirected
1446,727,98,undirected
1446,729,9,undirected
1446,73,86,undirected
1446,77,7,undirected
1446,78,9,undirected
1446,81,78,undirected
1446,832,149,undirected
1446,84,60,undirected
1446,96,9,undirected
1470,1489,149,undirected
1470,1500,102,undirected
1470,1501,83,undirected
1470,1503,98,undirected
1470,1509,149,undirected
1470,1529,98,undirected
1470,1536,149,undirected
1470,1572,102,undirected
1470,1573,65,undirected
1470,1575,65,undirected
1470,1576,74,undirected
1470,1579,86,undirected
1470,1697,149,undirected
1470,17,9,undirected
1470,1721,102,undirected
1470,1722,64,undirected
1470,1808,149,undirected
1470,1821,102,undirected
1470,1824,98,undirected
1470,1858,149,undirected
1470,1895,102,undirected
1470,1896,98,undirected
1470,2069,149,undirected
1470,2170,149,undirected
1470,2186,21,undirected
1470,2197,64,undirected
1470,2200,98,undirected
1470,2258,149,undirected
1470,2492,12,undirected
1470,25,11,undirected
1470,2644,149,undirected
1470,2660,21,undirected
1470,2666,102,undirected
1470,2667,83,undirected
1470,2670,98,undirected
1470,2751,149,undirected
1470,2785,64,undirected
1470,2787,86,undirected
1470,2788,98,undirected
1470,3274,12,undirected
1470,3283,98,undirected
1470,3288,7,undirected
1470,33,12,undirected
1470,36,149,undirected
1470,3637,3,undirected
1470,46,21,undirected
1470,47,3,undirected
1470,51,12,undirected
1470,52,64,undirected
1470,53,65,undirected
1470,54,98,undirected
1470,58,83,undirected
1470,61,65,undirected
1470,62,9,undirected
1470,63,48,undirected
1470,68,74,undirected
1470,71,102,undirected
1470,72,3,undirected
1470,727,98,undirected
1470,729,9,undirected
1470,73,86,undirected
1470,77,7,undirected
1470,78,9,undirected
1470,81,78,undirected
1470,832,149,undirected
1470,84,60,undirected
1470,96,9,undirected
1489,1500,102,undirected
1489,1501,83,undirected
1489,1503,98,undirected
1489,1509,149,undirected
1489,1529,98,undirected
1489,1536,149,undirected
1489,1572,102,undirected
1489,1573,65,undirected
1489,1575,65,undirected
1489,1576,74,undirected
1489,1579,86,undirected
1489,1697,149,undirected
1489,17,9,undirected
1489,1721,102,undirected
1489,1722,64,undirected
1489,1808,149,undirected
1489,1821,102,undirected
1489,1824,98,undirected
1489,1858,149,undirected
1489,1895,102,undirected
1489,1896,98,undirected
1489,2069,149,undirected
1489,2170,149,undirected
1489,2186,21,undirected
1489,2197,64,undirected
1489,2200,98,undirected
1489,2258,149,undirected
1489,2492,12,undirected
1489,25,11,undirected
1489,2644,149,undirected
1489,2660,21,undirected
1489,2666,102,undirected
1489,2667,83,undirected
1489,2670,98,undirected
1489,2751,149,undirected
1489,2785,64,undirected
1489,2787,86,undirected
1489,2788,98,undirected
1489,3274,12,undirected
1489,3283,98,undirected
1489,3288,7,undirected
1489,33,12,undirected
1489,36,149,undirected
1489,3637,3,undirected
1489,46,21,undirected
1489,47,3,undirected
1489,51,12,undirected
1489,52,64,undirected
1489,53,65,undirected
1489,54,98,undirected
1489,58,83,undirected
1489,61,65,undirected
1489,62,9,undirected
1489,63,48,undirected
1489,68,74,undirected
1489,71,102,undirected
1489,72,3,undirected
1489,727,98,undirected
1489,729,9,undirected
1489,73,86,undirected
1489,77,7,undirected
1489,78,9,undirected
1489,81,78,undirected
1489,832,149,undirected
1489,84,60,undirected
1489,96,9,undirected
15,16,2,undirected
15,24,3,undirected
15,74,3,undirected
15,85,6,undirected
15,95,2,undirected
1500,1501,122,undirected
1500,1503,127,undirected
1500,1509,102,undirected
1500,1529,127,undirected
1500,1536,102,undirected
1500,1572,191,undirected
1500,1573,117,undirected
1500,1575,98,undirected
1500,1576,84,undirected
1500,1579,94,undirected
1500,16,3,undirected
1500,1697,102,undirected
1500,1721,191,undirected
1500,1722,102,undirected
1500,1808,102,undirected
1500,1821,191,undirected
1500,1824,127,undirected
1500,1858,102,undirected
1500,1895,191,undirected
1500,1896,127,undirected
1500,2069,102,undirected
1500,2170,102,undirected
1500,2186,21,undirected
1500,2197,102,undirected
1500,2200,127,undirected
1500,2258,102,undirected
1500,2492,86,undirected
1500,25,45,undirected
1500,2644,102,undirected
1500,2660,21,undirected
1500,2666,191,undirected
1500,2667,122,undirected
1500,2670,127,undirected
1500,2751,102,undirected
1500,2785,102,undirected
1500,2787,94,undirected
1500,2788,127,undirected
1500,3274,86,undirected
1500,3283,127,undirected
1500,3288,7,undirected
1500,33,86,undirected
1500,36,102,undirected
1500,46,21,undirected
1500,50,32,undirected
1500,51,86,undirected
1500,52,102,undirected
1500,53,117,undirected
1500,54,127,undirected
1500,58,122,undirected
1500,61,98,undirected
1500,62,9,undirected
1500,63,71,undirected
1500,68,84,undirected
1500,71,191,undirected
1500,727,127,undirected
1500,729,9,undirected
1500,73,94,undirected
1500,77,7,undirected
1500,78,3,undirected
1500,81,113,undirected
1500,832,102,undirected
1500,84,108,undirected
1500,96,24,undirected
1500,98,19,undirected
1501,1503,107,undirected
1501,1509,83,undirected
1501,1529,107,undirected
1501,1536,83,undirected
1501,1572,122,undirected
1501,1573,97,undirected
1501,1575,97,undirected
1501,1576,71,undirected
1501,1579,87,undirected
1501,16,3,undirected
1501,1697,83,undirected
1501,1721,122,undirected
1501,1722,88,undirected
1501,1808,83,undirected
1501,1821,122,undirected
1501,1824,107,undirected
1501,1858,83,undirected
1501,1895,122,undirected
1501,1896,107,undirected
1501,2069,83,undirected
1501,2170,83,undirected
1501,2186,21,undirected
1501,2197,88,undirected
1501,2200,107,undirected
1501,2258,83,undirected
1501,2492,42,undirected
1501,25,26,undirected
1501,2644,83,undirected
1501,2660,21,undirected
1501,2666,122,undirected
1501,2667,157,undirected
1501,2670,107,undirected
1501,2751,83,undirected
1501,2785,88,undirected
1501,2787,87,undirected
1501,2788,107,undirected
1501,3274,42,undirected
1501,3283,107,undirected
1501,3288,4,undirected
1501,33,42,undirected
1501,36,83,undirected
1501,46,21,undirected
1501,50,15,undirected
1501,51,42,undirected
1501,52,88,undirected
1501,53,97,undirected
1501,54,107,undirected
1501,58,157,undirected
1501,61,97,undirected
1501,62,9,undirected
1501,63,68,undirected
1501,68,71,undirected
1501,71,122,undirected
1501,727,107,undirected
1501,729,9,undirected
1501,73,87,undirected
1501,77,4,undirected
1501,81,94,undirected
1501,832,83,undirected
1501,84,82,undirected
1501,96,13,undirected
1501,98,13,undirected
1503,1509,98,undirected
1503,1529,216,undirected
1503,1536,98,undirected
1503,1572,127,undirected
1503,1573,111,undirected
1503,1575,111,undirected
1503,1576,101,undirected
1503,1579,110,undirected
1503,1697,98,undirected
1503,17,13,undirected
1503,1721,127,undirected
1503,1722,95,undirected
1503,1808,98,undirected
1503,1821,127,undirected
1503,1824,216,undirected
1503,1858,98,undirected
1503,1895,127,undirected
1503,1896,216,undirected
1503,2069,98,undirected
1503,2170,98,undirected
1503,2186,15,undirected
1503,2197,95,undirected
1503,2200,216,undirected
1503,2258,98,undirected
1503,2492,50,undirected
1503,25,28,undirected
1503,2644,98,undirected
1503,2660,15,undirected
1503,2666,127,undirected
1503,2667,107,undirected
1503,2670,216,undirected
1503,2751,98,undirected
1503,2785,95,undirected
1503,2787,110,undirected
1503,2788,216,undirected
1503,3274,50,undirected
1503,3283,216,undirected
1503,3288,5,undirected
1503,33,50,undirected
1503,36,98,undirected
1503,46,15,undirected
1503,50,25,undirected
1503,51,50,undirected
1503,52,95,undirected
1503,53,111,undirected
1503,54,216,undirected
1503,58,107,undirected
1503,61,111,undirected
1503,62,3,undirected
1503,63,68,undirected
1503,68,101,undirected
1503,71,127,undirected
1503,727,216,undirected
1503,729,3,undirected
1503,73,110,undirected
1503,77,5,undirected
1503,78,12,undirected
1503,81,97,undirected
1503,832,98,undirected
1503,84,97,undirected
1503,96,4,undirected
1503,98,22,undirected
1509,1529,98,undirected
1509,1536,149,undirected
1509,1572,102,undirected
1509,1573,65,undirected
1509,1575,65,undirected
1509,1576,74,undirected
1509,1579,86,undirected
1509,1697,149,undirected
1509,17,9,undirected
1509,1721,102,undirected
1509,1722,64,undirected
1509,1808,149,undirected
1509,1821,102,undirected
1509,1824,98,undirected
1509,1858,149,undirected
1509,1895,102,undirected
1509,1896,98,undirected
1509,2069,149,undirected
1509,2170,149,undirected
1509,2186,21,undirected
1509,2197,64,undirected
1509,2200,98,undirected
1509,2258,149,undirected
1509,2492,12,undirected
1509,25,11,undirected
1509,2644,149,undirected
1509,2660,21,undirected
1509,2666,102,undirected
1509,2667,83,undirected
1509,2670,98,undirected
1509,2751,149,undirected
1509,2785,64,undirected
1509,2787,86,undirected
1509,2788,98,undirected
1509,3274,12,undirected
1509,3283,98,undirected
1509,3288,7,undirected
1509,33,12,undirected
1509,36,149,undirected
1509,3637,3,undirected
1509,46,21,undirected
1509,47,3,undirected
1509,51,12,undirected
1509,52,64,undirected
1509,53,65,undirected
1509,54,98,undirected
1509,58,83,undirected
1509,61,65,undirected
1509,62,9,undirected
1509,63,48,undirected
1509,68,74,undirected
1509,71,102,undirected
1509,72,3,undirected
1509,727,98,undirected
1509,729,9,undirected
1509,73,86,undirected
1509,77,7,undirected
1509,78,9,undirected
1509,81,78,undirected
1509,832,149,undirected
1509,84,60,undirected
1509,96,9,undirected
1529,1536,98,undirected
1529,1572,127,undirected
1529,1573,111,undirected
1529,1575,111,undirected
1529,1576,101,undirected
1529,1579,110,undirected
1529,1697,98,undirected
1529,17,13,undirected
1529,1721,127,undirected
1529,1722,95,undirected
1529,1808,98,undirected
1529,1821,127,undirected
1529,1824,216,undirected
1529,1858,98,undirected
1529,1895,127,undirected
1529,1896,216,undirected
1529,2069,98,undirected
1529,2170,98,undirected
1529,2186,15,undirected
1529,2197,95,undirected
1529,2200,216,undirected
1529,2258,98,undirected
1529,2492,50,undirected
1529,25,28,undirected
1529,2644,98,undirected
1529,2660,15,undirected
1529,2666,127,undirected
1529,2667,107,undirected
1529,2670,216,undirected
1529,2751,98,undirected
1529,2785,95,undirected
1529,2787,110,undirected
1529,2788,216,undirected
1529,3274,50,undirected
1529,3283,216,undirected
1529,3288,5,undirected
1529,33,50,undirected
1529,36,98,undirected
1529,46,15,undirected
1529,50,25,undirected
1529,51,50,undirected
1529,52,95,undirected
1529,53,111,undirected
1529,54,216,undirected
1529,58,107,undirected
1529,61,111,undirected
1529,62,3,undirected
1529,63,68,undirected
1529,68,101,undirected
1529,71,127,undirected
1529,727,216,undirected
1529,729,3,undirected
1529,73,110,undirected
1529,77,5,undirected
1529,78,12,undirected
1529,81,97,undirected
1529,832,98,undirected
1529,84,97,undirected
1529,96,4,undirected
1529,98,22,undirected
1536,1572,102,undirected
1536,1573,65,undirected
1536,1575,65,undirected
1536,1576,74,undirected
1536,1579,86,undirected
1536,1697,149,undirected
1536,17,9,undirected
1536,1721,102,undirected
1536,1722,64,undirected
1536,1808,149,undirected
1536,1821,102,undirected
1536,1824,98,undirected
1536,1858,149,undirected
1536,1895,102,undirected
1536,1896,98,undirected
1536,2069,149,undirected
1536,2170,149,undirected
1536,2186,21,undirected
1536,2197,64,undirected
1536,2200,98,undirected
1536,2258,149,undirected
1536,2492,12,undirected
1536,25,11,undirected
1536,2644,149,undirected
1536,2660,21,undirected
1536,2666,102,undirected
1536,2667,83,undirected
1536,2670,98,undirected
1536,2751,149,undirected
1536,2785,64,undirected
1536,2787,86,undirected
1536,2788,98,undirected
1536,3274,12,undirected
1536,3283,98,undirected
1536,3288,7,undirected
1536,33,12,undirected
1536,36,149,undirected
1536,3637,3,undirected
1536,46,21,undirected
1536,47,3,undirected
1536,51,12,undirected
1536,52,64,undirected
1536,53,65,undirected
1536,54,98,undirected
1536,58,83,undirected
1536,61,65,undirected
1536,62,9,undirected
1536,63,48,undirected
1536,68,74,undirected
1536,71,102,undirected
1536,72,3,undirected
1536,727,98,undirected
1536,729,9,undirected
1536,73,86,undirected
1536,77,7,undirected
1536,78,9,undirected
1536,81,78,undirected
1536,832,149,undirected
1536,84,60,undirected
1536,96,9,undirected
1572,1573,117,undirected
1572,1575,98,undirected
1572,1576,84,undirected
1572,1579,94,undirected
1572,16,3,undirected
1572,1697,102,undirected
1572,1721,191,undirected
1572,1722,102,undirected
1572,1808,102,undirected
1572,1821,191,undirected
1572,1824,127,undirected
1572,1858,102,undirected
1572,1895,191,undirected
1572,1896,127,undirected
1572,2069,102,undirected
1572,2170,102,undirected
1572,2186,21,undirected
1572,2197,102,undirected
1572,2200,127,undirected
1572,2258,102,undirected
1572,2492,86,undirected
1572,25,45,undirected
1572,2644,102,undirected
1572,2660,21,undirected
1572,2666,191,undirected
1572,2667,122,undirected
1572,2670,127,undirected
1572,2751,102,undirected
1572,2785,102,undirected
1572,2787,94,undirected
1572,2788,127,undirected
1572,3274,86,undirected
1572,3283,127,undirected
1572,3288,7,undirected
1572,33,86,undirected
1572,36,102,undirected
1572,46,21,undirected
1572,50,32,undirected
1572,51,86,undirected
1572,52,102,undirected
1572,53,117,undirected
1572,54,127,undirected
1572,58,122,undirected
1572,61,98,undirected
1572,62,9,undirected
1572,63,71,undirected
1572,68,84,undirected
1572,71,191,undirected
1572,727,127,undirected
1572,729,9,undirected
1572,73,94,undirected
1572,77,7,undirected
1572,78,3,undirected
1572,81,113,undirected
1572,832,102,undirected
1572,84,108,undirected
1572,96,24,undirected
1572,98,19,undirected
1573,1575,101,undirected
1573,1576,71,undirected
1573,1579,81,undirected
1573,1697,65,undirected
1573,1721,117,undirected
1573,1722,79,undirected
1573,1808,65,undirected
1573,1821,117,undirected
1573,1824,111,undirected
1573,1858,65,undirected
1573,1895,117,undirected
1573,1896,111,undirected
1573,2069,65,undirected
1573,2170,65,undirected
1573,2186,21,undirected
1573,2197,79,undirected
1573,2200,111,undirected
1573,2258,65,undirected
1573,2492,50,undirected
1573,25,38,undirected
1573,2644,65,undirected
1573,2660,21,undirected
1573,2666,117,undirected
1573,2667,97,undirected
1573,2670,111,undirected
1573,2751,65,undirected
1573,2785,79,undirected
1573,2787,81,undirected
1573,2788,111,undirected
1573,3274,50,undirected
1573,3283,111,undirected
1573,3288,2,undirected
1573,33,50,undirected
1573,36,65,undirected
1573,46,21,undirected
1573,50,25,undirected
1573,51,50,undirected
1573,52,79,undirected
1573,53,143,undirected
1573,54,111,undirected
1573,58,97,undirected
1573,61,101,undirected
1573,62,9,undirected
1573,63,71,undirected
1573,68,71,undirected
1573,71,117,undirected
1573,727,111,undirected
1573,729,9,undirected
1573,73,81,undirected
1573,77,2,undirected
1573,81,85,undirected
1573,832,65,undirected
1573,84,90,undirected
1573,96,21,undirected
1573,98,19,undirected
1575,1576,80,undirected
1575,1579,79,undirected
1575,1697,65,undirected
1575,17,13,undirected
1575,1721,98,undirected
1575,1722,86,undirected
1575,1808,65,undirected
1575,1821,98,undirected
1575,1824,111,undirected
1575,1858,65,undirected
1575,1895,98,undirected
1575,1896,111,undirected
1575,2069,65,undirected
1575,2170,65,undirected
1575,2186,12,undirected
1575,2197,86,undirected
1575,2200,111,undirected
1575,2258,65,undirected
1575,2492,30,undirected
1575,25,19,undirected
1575,2644,65,undirected
1575,2660,12,undirected
1575,2666,98,undirected
1575,2667,97,undirected
1575,2670,111,undirected
1575,2751,65,undirected
1575,2785,86,undirected
1575,2787,79,undirected
1575,2788,111,undirected
1575,3274,30,undirected
1575,3283,111,undirected
1575,33,30,undirected
1575,36,65,undirected
1575,46,12,undirected
1575,50,15,undirected
1575,51,30,undirected
1575,52,86,undirected
1575,53,101,undirected
1575,54,111,undirected
1575,58,97,undirected
1575,61,131,undirected
1575,63,78,undirected
1575,68,80,undirected
1575,71,98,undirected
1575,727,111,undirected
1575,73,79,undirected
1575,81,83,undirected
1575,832,65,undirected
1575,84,80,undirected
1575,96,10,undirected
1575,98,9,undirected
1576,1579,85,undirected
1576,1697,74,undirected
1576,17,9,undirected
1576,1721,84,undirected
1576,1722,68,undirected
1576,1808,74,undirected
1576,1821,84,undirected
1576,1824,101,undirected
1576,1858,74,undirected
1576,1895,84,undirected
1576,1896,101,undirected
1576,2069,74,undirected
1576,2170,74,undirected
1576,2186,12,undirected
1576,2197,68,undirected
1576,2200,101,undirected
1576,2258,74,undirected
1576,2492,30,undirected
1576,25,4,undirected
1576,2644,74,undirected
1576,2660,12,undirected
1576,2666,84,undirected
1576,2667,71,undirected
1576,2670,101,undirected
1576,2751,74,undirected
1576,2785,68,undirected
1576,2787,85,undirected
1576,2788,101,undirected
1576,3274,30,undirected
1576,3283,101,undirected
1576,33,30,undirected
1576,36,74,undirected
1576,46,12,undirected
1576,50,15,undirected
1576,51,30,undirected
1576,52,68,undirected
1576,53,71,undirected
1576,54,101,undirected
1576,58,71,undirected
1576,61,80,undirected
1576,63,66,undirected
1576,68,136,undirected
1576,71,84,undirected
1576,727,101,undirected
1576,73,85,undirected
1576,81,70,undirected
1576,832,74,undirected
1576,84,71,undirected
1579,1697,86,undirected
1579,1721,94,undirected
1579,1722,87,undirected
1579,1808,86,undirected
1579,1821,94,undirected
1579,1824,110,undirected
1579,1858,86,undirected
1579,1895,94,undirected
1579,1896,110,undirected
1579,2069,86,undirected
1579,2170,86,undirected
1579,2186,12,undirected
1579,2197,87,undirected
1579,2200,110,undirected
1579,2258,86,undirected
1579,2492,30,undirected
1579,25,7,undirected
1579,2644,86,undirected
1579,2660,12,undirected
1579,2666,94,undirected
1579,2667,87,undirected
1579,2670,110,undirected
1579,2751,86,undirected
1579,2785,87,undirected
1579,2787,140,undirected
1579,2788,110,undirected
1579,3274,30,undirected
1579,3283,110,undirected
1579,3288,5,undirected
1579,33,30,undirected
1579,36,86,undirected
1579,46,12,undirected
1579,50,15,undirected
1579,51,30,undirected
1579,52,87,undirected
1579,53,81,undirected
1579,54,110,undirected
1579,58,87,undirected
1579,61,79,undirected
1579,63,61,undirected
1579,68,85,undirected
1579,71,94,undirected
1579,727,110,undirected
1579,73,140,undirected
1579,77,5,undirected
1579,78,9,undirected
1579,81,82,undirected
1579,832,86,undirected
1579,84,77,undirected
16,17,3,undirected
16,1721,3,undirected
16,1821,3,undirected
16,1895,3,undirected
16,2666,3,undirected
16,2667,3,undirected
16,58,3,undirected
16,71,3,undirected
16,85,5,undirected
1697,17,9,undirected
1697,1721,102,undirected
1697,1722,64,undirected
1697,1808,149,undirected
1697,1821,102,undirected
1697,1824,98,undirected
1697,1858,149,undirected
1697,1895,102,undirected
1697,1896,98,undirected
1697,2069,149,undirected
1697,2170,149,undirected
1697,2186,21,undirected
1697,2197,64,undirected
1697,2200,98,undirected
1697,2258,149,undirected
1697,2492,12,undirected
1697,25,11,undirected
1697,2644,149,undirected
1697,2660,21,undirected
1697,2666,102,undirected
1697,2667,83,undirected
1697,2670,98,undirected
1697,2751,149,undirected
1697,2785,64,undirected
1697,2787,86,undirected
1697,2788,98,undirected
1697,3274,12,undirected
1697,3283,98,undirected
1697,3288,7,undirected
1697,33,12,undirected
1697,36,149,undirected
1697,3637,3,undirected
1697,46,21,undirected
1697,47,3,undirected
1697,51,12,undirected
1697,52,64,undirected
1697,53,65,undirected
1697,54,98,undirected
1697,58,83,undirected
1697,61,65,undirected
1697,62,9,undirected
1697,63,48,undirected
1697,68,74,undirected
1697,71,102,undirected
1697,72,3,undirected
1697,727,98,undirected
1697,729,9,undirected
1697,73,86,undirected
1697,77,7,undirected
1697,78,9,undirected
1697,81,78,undirected
1697,832,149,undirected
1697,84,60,undirected
1697,96,9,undirected
17,1808,9,undirected
17,1824,13,undirected
17,1858,9,undirected
17,1896,13,undirected
17,2069,9,undirected
17,2170,9,undirected
17,2186,9,undirected
17,2200,13,undirected
17,2258,9,undirected
17,25,9,undirected
17,2644,9,undirected
17,2660,9,undirected
17,2670,13,undirected
17,2751,9,undirected
17,2788,13,undirected
17,32,18,undirected
17,3283,13,undirected
17,36,9,undirected
17,46,9,undirected
17,54,13,undirected
17,57,9,undirected
17,61,13,undirected
17,67,9,undirected
17,68,9,undirected
17,727,13,undirected
17,78,9,undirected
17,832,9,undirected
17,85,3,undirected
17,89,2,undirected
1721,1722,102,undirected
1721,1808,102,undirected
1721,1821,191,undirected
1721,1824,127,undirected
1721,1858,102,undirected
1721,1895,191,undirected
1721,1896,127,undirected
1721,2069,102,undirected
1721,2170,102,undirected
1721,2186,21,undirected
1721,2197,102,undirected
1721,2200,127,undirected
1721,2258,102,undirected
1721,2492,86,undirected
1721,25,45,undirected
1721,2644,102,undirected
1721,2660,21,undirected
1721,2666,191,undirected
1721,2667,122,undirected
1721,2670,127,undirected
1721,2751,102,undirected
1721,2785,102,undirected
1721,2787,94,undirected
1721,2788,127,undirected
1721,3274,86,undirected
1721,3283,127,undirected
1721,3288,7,undirected
1721,33,86,undirected
1721,36,102,undirected
1721,46,21,undirected
1721,50,32,undirected
1721,51,86,undirected
1721,52,102,undirected
1721,53,117,undirected
1721,54,127,undirected
1721,58,122,undirected
1721,61,98,undirected
1721,62,9,undirected
1721,63,71,undirected
1721,68,84,undirected
1721,71,191,undirected
1721,727,127,undirected
1721,729,9,undirected
1721,73,94,undirected
1721,77,7,undirected
1721,78,3,undirected
1721,81,113,undirected
1721,832,102,undirected
1721,84,108,undirected
1721,96,24,undirected
1721,98,19,undirected
1722,1808,64,undirected
1722,1821,102,undirected
1722,1824,95,undirected
1722,1858,64,undirected
1722,1895,102,undirected
1722,1896,95,undirected
1722,2069,64,undirected
1722,2170,64,undirected
1722,2186,12,undirected
1722,2197,124,undirected
1722,2200,95,undirected
1722,2258,64,undirected
1722,2492,40,undirected
1722,25,13,undirected
1722,2644,64,undirected
1722,2660,12,undirected
1722,2666,102,undirected
1722,2667,88,undirected
1722,2670,95,undirected
1722,2751,64,undirected
1722,2785,124,undirected
1722,2787,87,undirected
1722,2788,95,undirected
1722,3274,40,undirected
1722,3283,95,undirected
1722,33,40,undirected
1722,36,64,undirected
1722,46,12,undirected
1722,50,15,undirected
1722,51,40,undirected
1722,52,124,undirected
1722,53,79,undirected
1722,54,95,undirected
1722,58,88,undirected
1722,61,86,undirected
1722,63,68,undirected
1722,68,68,undirected
1722,71,102,undirected
1722,727,95,undirected
1722,73,87,undirected
1722,81,82,undirected
1722,832,64,undirected
1722,84,79,undirected
1722,96,15,undirected
18,2702,2,undirected
18,32,6,undirected
18,42,2,undirected
1808,1821,102,undirected
1808,1824,98,undirected
1808,1858,149,undirected
1808,1895,102,undirected
1808,1896,98,undirected
1808,2069,149,undirected
1808,2170,149,undirected
1808,2186,21,undirected
1808,2197,64,undirected
1808,2200,98,undirected
1808,2258,149,undirected
1808,2492,12,undirected
1808,25,11,undirected
1808,2644,149,undirected
1808,2660,21,undirected
1808,2666,102,undirected
1808,2667,83,undirected
1808,2670,98,undirected
1808,2751,149,undirected
1808,2785,64,undirected
1808,2787,86,undirected
1808,2788,98,undirected
1808,3274,12,undirected
1808,3283,98,undirected
1808,3288,7,undirected
1808,33,12,undirected
1808,36,149,undirected
1808,3637,3,undirected
1808,46,21,undirected
1808,47,3,undirected
1808,51,12,undirected
1808,52,64,undirected
1808,53,65,undirected
1808,54,98,undirected
1808,58,83,undirected
1808,61,65,undirected
1808,62,9,undirected
1808,63,48,undirected
1808,68,74,undirected
1808,71,102,undirected
1808,72,3,undirected
1808,727,98,undirected
1808,729,9,undirected
1808,73,86,undirected
1808,77,7,undirected
1808,78,9,undirected
1808,81,78,undirected
1808,832,149,undirected
1808,84,60,undirected
1808,96,9,undirected
1821,1824,127,undirected
1821,1858,102,undirected
1821,1895,191,undirected
1821,1896,127,undirected
1821,2069,102,undirected
1821,2170,102,undirected
1821,2186,21,undirected
1821,2197,102,undirected
1821,2200,127,undirected
1821,2258,102,undirected
1821,2492,86,undirected
1821,25,45,undirected
1821,2644,102,undirected
1821,2660,21,undirected
1821,2666,191,undirected
1821,2667,122,undirected
1821,2670,127,undirected
1821,2751,102,undirected
1821,2785,102,undirected
1821,2787,94,undirected
1821,2788,127,undirected
1821,3274,86,undirected
1821,3283,127,undirected
1821,3288,7,undirected
1821,33,86,undirected
1821,36,102,undirected
1821,46,21,undirected
1821,50,32,undirected
1821,51,86,undirected
1821,52,102,undirected
1821,53,117,undirected
1821,54,127,undirected
1821,58,122,undirected
1821,61,98,undirected
1821,62,9,undirected
1821,63,71,undirected
1821,68,84,undirected
1821,71,191,undirected
1821,727,127,undirected
1821,729,9,undirected
1821,73,94,undirected
1821,77,7,undirected
1821,78,3,undirected
1821,81,113,undirected
1821,832,102,undirected
1821,84,108,undirected
1821,96,24,undirected
1821,98,19,undirected
1824,1858,98,undirected
1824,1895,127,undirected
1824,1896,216,undirected
1824,2069,98,undirected
1824,2170,98,undirected
1824,2186,15,undirected
1824,2197,95,undirected
1824,2200,216,undirected
1824,2258,98,undirected
1824,2492,50,undirected
1824,25,28,undirected
1824,2644,98,undirected
1824,2660,15,undirected
1824,2666,127,undirected
1824,2667,107,undirected
1824,2670,216,undirected
1824,2751,98,undirected
1824,2785,95,undirected
1824,2787,110,undirected
1824,2788,216,undirected
1824,3274,50,undirected
1824,3283,216,undirected
1824,3288,5,undirected
1824,33,50,undirected
1824,36,98,undirected
1824,46,15,undirected
1824,50,25,undirected
1824,51,50,undirected
1824,52,95,undirected
1824,53,111,undirected
1824,54,216,undirected
1824,58,107,undirected
1824,61,111,undirected
1824,62,3,undirected
1824,63,68,undirected
1824,68,101,undirected
1824,71,127,undirected
1824,727,216,undirected
1824,729,3,undirected
1824,73,110,undirected
1824,77,5,undirected
1824,78,12,undirected
1824,81,97,undirected
1824,832,98,undirected
1824,84,97,undirected
1824,96,4,undirected
1824,98,22,undirected
1858,1895,102,undirected
1858,1896,98,undirected
1858,2069,149,undirected
1858,2170,149,undirected
1858,2186,21,undirected
1858,2197,64,undirected
1858,2200,98,undirected
1858,2258,149,undirected
1858,2492,12,undirected
1858,25,11,undirected
1858,2644,149,undirected
1858,2660,21,undirected
1858,2666,102,undirected
1858,2667,83,undirected
1858,2670,98,undirected
1858,2751,149,undirected
1858,2785,64,undirected
1858,2787,86,undirected
1858,2788,98,undirected
1858,3274,12,undirected
1858,3283,98,undirected
1858,3288,7,undirected
1858,33,12,undirected
1858,36,149,undirected
1858,3637,3,undirected
1858,46,21,undirected
1858,47,3,undirected
1858,51,12,undirected
1858,52,64,undirected
1858,53,65,undirected
1858,54,98,undirected
1858,58,83,undirected
1858,61,65,undirected
1858,62,9,undirected
1858,63,48,undirected
1858,68,74,undirected
1858,71,102,undirected
1858,72,3,undirected
1858,727,98,undirected
1858,729,9,undirected
1858,73,86,undirected
1858,77,7,undirected
1858,78,9,undirected
1858,81,78,undirected
1858,832,149,undirected
1858,84,60,undirected
1858,96,9,undirected
1895,1896,127,undirected
1895,2069,102,undirected
1895,2170,102,undirected
1895,2186,21,undirected
1895,2197,102,undirected
1895,2200,127,undirected
1895,2258,102,undirected
1895,2492,86,undirected
1895,25,45,undirected
1895,2644,102,undirected
1895,2660,21,undirected
1895,2666,191,undirected
1895,2667,122,undirected
1895,2670,127,undirected
1895,2751,102,undirected
1895,2785,102,undirected
1895,2787,94,undirected
1895,2788,127,undirected
1895,3274,86,undirected
1895,3283,127,undirected
1895,3288,7,undirected
1895,33,86,undirected
1895,36,102,undirected
1895,46,21,undirected
1895,50,32,undirected
1895,51,86,undirected
1895,52,102,undirected
1895,53,117,undirected
1895,54,127,undirected
1895,58,122,undirected
1895,61,98,undirected
1895,62,9,undirected
1895,63,71,undirected
1895,68,84,undirected
1895,71,191,undirected
1895,727,127,undirected
1895,729,9,undirected
1895,73,94,undirected
1895,77,7,undirected
1895,78,3,undirected
1895,81,113,undirected
1895,832,102,undirected
1895,84,108,undirected
1895,96,24,undirected
1895,98,19,undirected
1896,2069,98,undirected
1896,2170,98,undirected
1896,2186,15,undirected
1896,2197,95,undirected
1896,2200,216,undirected
1896,2258,98,undirected
1896,2492,50,undirected
1896,25,28,undirected
1896,2644,98,undirected
1896,2660,15,undirected
1896,2666,127,undirected
1896,2667,107,undirected
1896,2670,216,undirected
1896,2751,98,undirected
1896,2785,95,undirected
1896,2787,110,undirected
1896,2788,216,undirected
1896,3274,50,undirected
1896,3283,216,undirected
1896,3288,5,undirected
1896,33,50,undirected
1896,36,98,undirected
1896,46,15,undirected
1896,50,25,undirected
1896,51,50,undirected
1896,52,95,undirected
1896,53,111,undirected
1896,54,216,undirected
1896,58,107,undirected
1896,61,111,undirected
1896,62,3,undirected
1896,63,68,undirected
1896,68,101,undirected
1896,71,127,undirected
1896,727,216,undirected
1896,729,3,undirected
1896,73,110,undirected
1896,77,5,undirected
1896,78,12,undirected
1896,81,97,undirected
1896,832,98,undirected
1896,84,97,undirected
1896,96,4,undirected
1896,98,22,undirected
19,23,2,undirected
19,6,2,undirected
1938,23,3,undirected
1938,30,43,undirected
1938,64,7,undirected
1938,79,15,undirected
1938,9,3,undirected
20,74,2,undirected
2069,2170,149,undirected
2069,2186,21,undirected
2069,2197,64,undirected
2069,2200,98,undirected
2069,2258,149,undirected
2069,2492,12,undirected
2069,25,11,undirected
2069,2644,149,undirected
2069,2660,21,undirected
2069,2666,102,undirected
2069,2667,83,undirected
2069,2670,98,undirected
2069,2751,149,undirected
2069,2785,64,undirected
2069,2787,86,undirected
2069,2788,98,undirected
2069,3274,12,undirected
2069,3283,98,undirected
2069,3288,7,undirected
2069,33,12,undirected
2069,36,149,undirected
2069,3637,3,undirected
2069,46,21,undirected
2069,47,3,undirected
2069,51,12,undirected
2069,52,64,undirected
2069,53,65,undirected
2069,54,98,undirected
2069,58,83,undirected
2069,61,65,undirected
2069,62,9,undirected
2069,63,48,undirected
2069,68,74,undirected
2069,71,102,undirected
2069,72,3,undirected
2069,727,98,undirected
2069,729,9,undirected
2069,73,86,undirected
2069,77,7,undirected
2069,78,9,undirected
2069,81,78,undirected
2069,832,149,undirected
2069,84,60,undirected
2069,96,9,undirected
2170,2186,21,undirected
2170,2197,64,undirected
2170,2200,98,undirected
2170,2258,149,undirected
2170,2492,12,undirected
2170,25,11,undirected
2170,2644,149,undirected
2170,2660,21,undirected
2170,2666,102,undirected
2170,2667,83,undirected
2170,2670,98,undirected
2170,2751,149,undirected
2170,2785,64,undirected
2170,2787,86,undirected
2170,2788,98,undirected
2170,3274,12,undirected
2170,3283,98,undirected
2170,3288,7,undirected
2170,33,12,undirected
2170,36,149,undirected
2170,3637,3,undirected
2170,46,21,undirected
2170,47,3,undirected
2170,51,12,undirected
2170,52,64,undirected
2170,53,65,undirected
2170,54,98,undirected
2170,58,83,undirected
2170,61,65,undirected
2170,62,9,undirected
2170,63,48,undirected
2170,68,74,undirected
2170,71,102,undirected
2170,72,3,undirected
2170,727,98,undirected
2170,729,9,undirected
2170,73,86,undirected
2170,77,7,undirected
2170,78,9,undirected
2170,81,78,undirected
2170,832,149,undirected
2170,84,60,undirected
2170,96,9,undirected
2186,2197,12,undirected
2186,2200,15,undirected
2186,2258,21,undirected
2186,25,20,undirected
2186,2644,21,undirected
2186,2660,102,undirected
2186,2666,21,undirected
2186,2667,21,undirected
2186,2670,15,undirected
2186,2751,21,undirected
2186,2785,12,undirected
2186,2787,12,undirected
2186,2788,15,undirected
2186,317,10,undirected
2186,32,18,undirected
2186,3283,15,undirected
2186,3288,3,undirected
2186,3596,10,undirected
2186,36,21,undirected
2186,3637,10,undirected
2186,3660,10,undirected
2186,40,10,undirected
2186,41,10,undirected
2186,43,10,undirected
2186,45,10,undirected
2186,46,102,undirected
2186,50,2,undirected
2186,52,12,undirected
2186,53,21,undirected
2186,54,15,undirected
2186,57,19,undirected
2186,58,21,undirected
2186,61,12,undirected
2186,62,20,undirected
2186,63,15,undirected
2186,65,10,undirected
2186,67,9,undirected
2186,68,12,undirected
2186,71,21,undirected
2186,72,10,undirected
2186,727,15,undirected
2186,729,20,undirected
2186,73,12,undirected
2186,76,10,undirected
2186,77,3,undirected
2186,78,9,undirected
2186,81,9,undirected
2186,832,21,undirected
2186,84,12,undirected
2186,88,10,undirected
2186,96,17,undirected
2197,2200,95,undirected
2197,2258,64,undirected
2197,2492,40,undirected
2197,25,13,undirected
2197,2644,64,undirected
2197,2660,12,undirected
2197,2666,102,undirected
2197,2667,88,undirected
2197,2670,95,undirected
2197,2751,64,undirected
2197,2785,124,undirected
2197,2787,87,undirected
2197,2788,95,undirected
2197,3274,40,undirected
2197,3283,95,undirected
2197,33,40,undirected
2197,36,64,undirected
2197,46,12,undirected
2197,50,15,undirected
2197,51,40,undirected
2197,52,124,undirected
2197,53,79,undirected
2197,54,95,undirected
2197,58,88,undirected
2197,61,86,undirected
2197,63,68,undirected
2197,68,68,undirected
2197,71,102,undirected
2197,727,95,undirected
2197,73,87,undirected
2197,81,82,undirected
2197,832,64,undirected
2197,84,79,undirected
2197,96,15,undirected
22,23,2,undirected
2200,2258,98,undirected
2200,2492,50,undirected
2200,25,28,undirected
2200,2644,98,undirected
2200,2660,15,undirected
2200,2666,127,undirected
2200,2667,107,undirected
2200,2670,216,undirected
2200,2751,98,undirected
2200,2785,95,undirected
2200,2787,110,undirected
2200,2788,216,undirected
2200,3274,50,undirected
2200,3283,216,undirected
2200,3288,5,undirected
2200,33,50,undirected
2200,36,98,undirected
2200,46,15,undirected
2200,50,25,undirected
2200,51,50,undirected
2200,52,95,undirected
2200,53,111,undirected
2200,54,216,undirected
2200,58,107,undirected
2200,61,111,undirected
2200,62,3,undirected
2200,63,68,undirected
2200,68,101,undirected
2200,71,127,undirected
2200,727,216,undirected
2200,729,3,undirected
2200,73,110,undirected
2200,77,5,undirected
2200,78,12,undirected
2200,81,97,undirected
2200,832,98,undirected
2200,84,97,undirected
2200,96,4,undirected
2200,98,22,undirected
2258,2492,12,undirected
2258,25,11,undirected
2258,2644,149,undirected
2258,2660,21,undirected
2258,2666,102,undirected
2258,2667,83,undirected
2258,2670,98,undirected
2258,2751,149,undirected
2258,2785,64,undirected
2258,2787,86,undirected
2258,2788,98,undirected
2258,3274,12,undirected
2258,3283,98,undirected
2258,3288,7,undirected
2258,33,12,undirected
2258,36,149,undirected
2258,3637,3,undirected
2258,46,21,undirected
2258,47,3,undirected
2258,51,12,undirected
2258,52,64,undirected
2258,53,65,undirected
2258,54,98,undirected
2258,58,83,undirected
2258,61,65,undirected
2258,62,9,undirected
2258,63,48,undirected
2258,68,74,undirected
2258,71,102,undirected
2258,72,3,undirected
2258,727,98,undirected
2258,729,9,undirected
2258,73,86,undirected
2258,77,7,undirected
2258,78,9,undirected
2258,81,78,undirected
2258,832,149,undirected
2258,84,60,undirected
2258,96,9,undirected
23,30,3,undirected
23,6,4,undirected
23,64,2,undirected
23,79,2,undirected
23,9,3,undirected
24,74,6,undirected
24,85,3,undirected
2492,25,44,undirected
2492,2644,12,undirected
2492,2666,86,undirected
2492,2667,42,undirected
2492,2670,50,undirected
2492,2751,12,undirected
2492,2785,40,undirected
2492,2787,30,undirected
2492,2788,50,undirected
2492,3274,320,undirected
2492,3283,50,undirected
2492,3288,28,undirected
2492,33,320,undirected
2492,36,12,undirected
2492,50,74,undirected
2492,51,320,undirected
2492,52,40,undirected
2492,53,50,undirected
2492,54,50,undirected
2492,58,42,undirected
2492,61,30,undirected
2492,62,10,undirected
2492,63,30,undirected
2492,68,30,undirected
2492,71,86,undirected
2492,727,50,undirected
2492,729,10,undirected
2492,73,30,undirected
2492,77,28,undirected
2492,81,30,undirected
2492,832,12,undirected
2492,84,50,undirected
2492,96,10,undirected
2492,98,34,undirected
25,2644,11,undirected
25,2660,20,undirected
25,2666,45,undirected
25,2667,26,undirected
25,2670,28,undirected
25,2751,11,undirected
25,2785,13,undirected
25,2787,7,undirected
25,2788,28,undirected
25,32,18,undirected
25,3274,44,undirected
25,3283,28,undirected
25,3288,16,undirected
25,33,44,undirected
25,36,11,undirected
25,46,20,undirected
25,50,26,undirected
25,51,44,undirected
25,52,13,undirected
25,53,38,undirected
25,54,28,undirected
25,57,9,undirected
25,58,26,undirected
25,61,19,undirected
25,62,24,undirected
25,63,12,undirected
25,67,9,undirected
25,68,4,undirected
25,71,45,undirected
25,727,28,undirected
25,729,24,undirected
25,73,7,undirected
25,77,16,undirected
25,78,9,undirected
25,81,28,undirected
25,832,11,undirected
25,84,37,undirected
25,96,36,undirected
25,98,31,undirected
2644,2660,21,undirected
2644,2666,102,undirected
2644,2667,83,undirected
2644,2670,98,undirected
2644,2751,149,undirected
2644,2785,64,undirected
2644,2787,86,undirected
2644,2788,98,undirected
2644,3274,12,undirected
2644,3283,98,undirected
2644,3288,7,undirected
2644,33,12,undirected
2644,36,149,undirected
2644,3637,3,undirected
2644,46,21,undirected
2644,47,3,undirected
2644,51,12,undirected
2644,52,64,undirected
2644,53,65,undirected
2644,54,98,undirected
2644,58,83,undirected
2644,61,65,undirected
2644,62,9,undirected
2644,63,48,undirected
2644,68,74,undirected
2644,71,102,undirected
2644,72,3,undirected
2644,727,98,undirected
2644,729,9,undirected
2644,73,86,undirected
2644,77,7,undirected
2644,78,9,undirected
2644,81,78,undirected
2644,832,149,undirected
2644,84,60,undirected
2644,96,9,undirected
2660,2666,21,undirected
2660,2667,21,undirected
2660,2670,15,undirected
2660,2751,21,undirected
2660,2785,12,undirected
2660,2787,12,undirected
2660,2788,15,undirected
2660,317,10,undirected
2660,32,18,undirected
2660,3283,15,undirected
2660,3288,3,undirected
2660,3596,10,undirected
2660,36,21,undirected
2660,3637,10,undirected
2660,3660,10,undirected
2660,40,10,undirected
2660,41,10,undirected
2660,43,10,undirected
2660,45,10,undirected
2660,46,102,undirected
2660,50,2,undirected
2660,52,12,undirected
2660,53,21,undirected
2660,54,15,undirected
2660,57,19,undirected
2660,58,21,undirected
2660,61,12,undirected
2660,62,20,undirected
2660,63,15,undirected
2660,65,10,undirected
2660,67,9,undirected
2660,68,12,undirected
2660,71,21,undirected
2660,72,10,undirected
2660,727,15,undirected
2660,729,20,undirected
2660,73,12,undirected
2660,76,10,undirected
2660,77,3,undirected
2660,78,9,undirected
2660,81,9,undirected
2660,832,21,undirected
2660,84,12,undirected
2660,88,10,undirected
2660,96,17,undirected
2666,2667,122,undirected
2666,2670,127,undirected
2666,2751,102,undirected
2666,2785,102,undirected
2666,2787,94,undirected
2666,2788,127,undirected
2666,3274,86,undirected
2666,3283,127,undirected
2666,3288,7,undirected
2666,33,86,undirected
2666,36,102,undirected
2666,46,21,undirected
2666,50,32,undirected
2666,51,86,undirected
2666,52,102,undirected
2666,53,117,undirected
2666,54,127,undirected
2666,58,122,undirected
2666,61,98,undirected
2666,62,9,undirected
2666,63,71,undirected
2666,68,84,undirected
2666,71,191,undirected
2666,727,127,undirected
2666,729,9,undirected
2666,73,94,undirected
2666,77,7,undirected
2666,78,3,undirected
2666,81,113,undirected
2666,832,102,undirected
2666,84,108,undirected
2666,96,24,undirected
2666,98,19,undirected
2667,2670,107,undirected
2667,2751,83,undirected
2667,2785,88,undirected
2667,2787,87,undirected
2667,2788,107,undirected
2667,3274,42,undirected
2667,3283,107,undirected
2667,3288,4,undirected
2667,33,42,undirected
2667,36,83,undirected
2667,46,21,undirected
2667,50,15,undirected
2667,51,42,undirected
2667,52,88,undirected
2667,53,97,undirected
2667,54,107,undirected
2667,58,157,undirected
2667,61,97,undirected
2667,62,9,undirected
2667,63,68,undirected
2667,68,71,undirected
2667,71,122,undirected
2667,727,107,undirected
2667,729,9,undirected
2667,73,87,undirected
2667,77,4,undirected
2667,81,94,undirected
2667,832,83,undirected
2667,84,82,undirected
2667,96,13,undirected
2667,98,13,undirected
2670,2751,98,undirected
2670,2785,95,undirected
2670,2787,110,undirected
2670,2788,216,undirected
2670,3274,50,undirected
2670,3283,216,undirected
2670,3288,5,undirected
2670,33,50,undirected
2670,36,98,undirected
2670,46,15,undirected
2670,50,25,undirected
2670,51,50,undirected
2670,52,95,undirected
2670,53,111,undirected
2670,54,216,undirected
2670,58,107,undirected
2670,61,111,undirected
2670,62,3,undirected
2670,63,68,undirected
2670,68,101,undirected
2670,71,127,undirected
2670,727,216,undirected
2670,729,3,undirected
2670,73,110,undirected
2670,77,5,undirected
2670,78,12,undirected
2670,81,97,undirected
2670,832,98,undirected
2670,84,97,undirected
2670,96,4,undirected
2670,98,22,undirected
2702,42,59,undirected
2702,67,2,undirected
2751,2785,64,undirected
2751,2787,86,undirected
2751,2788,98,undirected
2751,3274,12,undirected
2751,3283,98,undirected
2751,3288,7,undirected
2751,33,12,undirected
2751,36,149,undirected
2751,3637,3,undirected
2751,46,21,undirected
2751,47,3,undirected
2751,51,12,undirected
2751,52,64,undirected
2751,53,65,undirected
2751,54,98,undirected
2751,58,83,undirected
2751,61,65,undirected
2751,62,9,undirected
2751,63,48,undirected
2751,68,74,undirected
2751,71,102,undirected
2751,72,3,undirected
2751,727,98,undirected
2751,729,9,undirected
2751,73,86,undirected
2751,77,7,undirected
2751,78,9,undirected
2751,81,78,undirected
2751,832,149,undirected
2751,84,60,undirected
2751,96,9,undirected
2785,2787,87,undirected
2785,2788,95,undirected
2785,3274,40,undirected
2785,3283,95,undirected
2785,33,40,undirected
2785,36,64,undirected
2785,46,12,undirected
2785,50,15,undirected
2785,51,40,undirected
2785,52,124,undirected
2785,53,79,undirected
2785,54,95,undirected
2785,58,88,undirected
2785,61,86,undirected
2785,63,68,undirected
2785,68,68,undirected
2785,71,102,undirected
2785,727,95,undirected
2785,73,87,undirected
2785,81,82,undirected
2785,832,64,undirected
2785,84,79,undirected
2785,96,15,undirected
2787,2788,110,undirected
2787,3274,30,undirected
2787,3283,110,undirected
2787,3288,5,undirected
2787,33,30,undirected
2787,36,86,undirected
2787,46,12,undirected
2787,50,15,undirected
2787,51,30,undirected
2787,52,87,undirected
2787,53,81,undirected
2787,54,110,undirected
2787,58,87,undirected
2787,61,79,undirected
2787,63,61,undirected
2787,68,85,undirected
2787,71,94,undirected
2787,727,110,undirected
2787,73,140,undirected
2787,77,5,undirected
2787,78,9,undirected
2787,81,82,undirected
2787,832,86,undirected
2787,84,77,undirected
2788,3274,50,undirected
2788,3283,216,undirected
2788,3288,5,undirected
2788,33,50,undirected
2788,36,98,undirected
2788,46,15,undirected
2788,50,25,undirected
2788,51,50,undirected
2788,52,95,undirected
2788,53,111,undirected
2788,54,216,undirected
2788,58,107,undirected
2788,61,111,undirected
2788,62,3,undirected
2788,63,68,undirected
2788,68,101,undirected
2788,71,127,undirected
2788,727,216,undirected
2788,729,3,undirected
2788,73,110,undirected
2788,77,5,undirected
2788,78,12,undirected
2788,81,97,undirected
2788,832,98,undirected
2788,84,97,undirected
2788,96,4,undirected
2788,98,22,undirected
283,59,49,undirected
283,9,18,undirected
29,336,9,undirected
29,66,9,undirected
30,64,7,undirected
30,79,15,undirected
30,9,3,undirected
317,336,5,undirected
317,3596,10,undirected
317,3637,10,undirected
317,3660,10,undirected
317,40,10,undirected
317,41,10,undirected
317,43,69,undirected
317,44,3,undirected
317,45,10,undirected
317,46,10,undirected
317,47,10,undirected
317,57,10,undirected
317,65,10,undirected
317,66,5,undirected
317,72,10,undirected
317,75,3,undirected
317,76,10,undirected
317,86,3,undirected
317,88,10,undirected
317,99,3,undirected
32,34,8,undirected
32,46,18,undirected
32,57,18,undirected
32,67,18,undirected
32,78,18,undirected
3274,3283,50,undirected
3274,3288,28,undirected
3274,33,320,undirected
3274,36,12,undirected
3274,50,74,undirected
3274,51,320,undirected
3274,52,40,undirected
3274,53,50,undirected
3274,54,50,undirected
3274,58,42,undirected
3274,61,30,undirected
3274,62,10,undirected
3274,63,30,undirected
3274,68,30,undirected
3274,71,86,undirected
3274,727,50,undirected
3274,729,10,undirected
3274,73,30,undirected
3274,77,28,undirected
3274,81,30,undirected
3274,832,12,undirected
3274,84,50,undirected
3274,96,10,undirected
3274,98,34,undirected
3283,3288,5,undirected
3283,33,50,undirected
3283,36,98,undirected
3283,46,15,undirected
3283,50,25,undirected
3283,51,50,undirected
3283,52,95,undirected
3283,53,111,undirected
3283,54,216,undirected
3283,58,107,undirected
3283,61,111,undirected
3283,62,3,undirected
3283,63,68,undirected
3283,68,101,undirected
3283,71,127,undirected
3283,727,216,undirected
3283,729,3,undirected
3283,73,110,undirected
3283,77,5,undirected
3283,78,12,undirected
3283,81,97,undirected
3283,832,98,undirected
3283,84,97,undirected
3283,96,4,undirected
3283,98,22,undirected
3288,33,28,undirected
3288,36,7,undirected
3288,46,3,undirected
3288,50,7,undirected
3288,51,28,undirected
3288,53,2,undirected
3288,54,5,undirected
3288,58,4,undirected
3288,63,3,undirected
3288,71,7,undirected
3288,727,5,undirected
3288,73,5,undirected
3288,77,79,undirected
3288,78,5,undirected
3288,81,2,undirected
3288,832,7,undirected
3288,96,13,undirected
3288,98,13,undirected
33,36,12,undirected
33,50,74,undirected
33,51,320,undirected
33,52,40,undirected
33,53,50,undirected
33,54,50,undirected
33,58,42,undirected
33,61,30,undirected
33,62,10,undirected
33,63,30,undirected
33,68,30,undirected
33,71,86,undirected
33,727,50,undirected
33,729,10,undirected
33,73,30,undirected
33,77,28,undirected
33,81,30,undirected
33,832,12,undirected
33,84,50,undirected
33,96,10,undirected
33,98,34,undirected
336,43,5,undirected
336,47,10,undirected
336,66,67,undirected
336,86,4,undirected
3596,3637,20,undirected
3596,3660,125,undirected
3596,40,25,undirected
3596,41,10,undirected
3596,43,10,undirected
3596,45,18,undirected
3596,46,10,undirected
3596,56,7,undirected
3596,57,10,undirected
3596,60,10,undirected
3596,65,10,undirected
3596,70,10,undirected
3596,72,20,undirected
3596,76,125,undirected
3596,78,10,undirected
3596,80,2,undirected
3596,88,12,undirected
3596,91,15,undirected
3596,94,17,undirected
3596,99,12,undirected
36,3637,3,undirected
36,46,21,undirected
36,47,3,undirected
36,51,12,undirected
36,52,64,undirected
36,53,65,undirected
36,54,98,undirected
36,58,83,undirected
36,61,65,undirected
36,62,9,undirected
36,63,48,undirected
36,68,74,undirected
36,71,102,undirected
36,72,3,undirected
36,727,98,undirected
36,729,9,undirected
36,73,86,undirected
36,77,7,undirected
36,78,9,undirected
36,81,78,undirected
36,832,149,undirected
36,84,60,undirected
36,96,9,undirected
3637,3660,20,undirected
3637,38,12,undirected
3637,4,2,undirected
3637,40,22,undirected
3637,41,16,undirected
3637,43,10,undirected
3637,44,5,undirected
3637,45,23,undirected
3637,46,10,undirected
3637,47,3,undirected
3637,56,8,undirected
3637,57,10,undirected
3637,60,14,undirected
3637,65,17,undirected
3637,70,18,undirected
3637,72,104,undirected
3637,75,2,undirected
3637,76,20,undirected
3637,78,13,undirected
3637,832,3,undirected
3637,87,15,undirected
3637,88,14,undirected
3637,91,13,undirected
3637,94,30,undirected
3637,99,12,undirected
3660,40,25,undirected
3660,41,10,undirected
3660,43,10,undirected
3660,45,18,undirected
3660,46,10,undirected
3660,56,7,undirected
3660,57,10,undirected
3660,60,10,undirected
3660,65,10,undirected
3660,70,10,undirected
3660,72,20,undirected
3660,76,125,undirected
3660,78,10,undirected
3660,80,2,undirected
3660,88,12,undirected
3660,91,15,undirected
3660,94,17,undirected
3660,99,12,undirected
37,67,4,undirected
38,40,3,undirected
38,41,10,undirected
38,45,6,undirected
38,60,5,undirected
38,65,9,undirected
38,70,3,undirected
38,72,12,undirected
38,87,11,undirected
38,94,8,undirected
4,72,2,undirected
40,41,13,undirected
40,43,10,undirected
40,45,15,undirected
40,46,10,undirected
40,48,4,undirected
40,56,9,undirected
40,57,10,undirected
40,60,10,undirected
40,65,10,undirected
40,70,10,undirected
40,72,22,undirected
40,76,25,undirected
40,78,10,undirected
40,88,10,undirected
40,91,10,undirected
40,94,19,undirected
40,99,10,undirected
41,43,10,undirected
41,45,13,undirected
41,46,10,undirected
41,57,10,undirected
41,65,14,undirected
41,70,8,undirected
41,72,16,undirected
41,76,10,undirected
41,87,4,undirected
41,88,10,undirected
41,91,2,undirected
41,94,4,undirected
42,67,2,undirected
43,44,3,undirected
43,45,10,undirected
43,46,10,undirected
43,47,10,undirected
43,57,10,undirected
43,65,10,undirected
43,66,5,undirected
43,72,10,undirected
43,75,3,undirected
43,76,10,undirected
43,86,3,undirected
43,88,10,undirected
43,99,3,undirected
44,45,5,undirected
44,56,2,undirected
44,72,5,undirected
44,75,3,undirected
44,78,5,undirected
44,91,7,undirected
44,94,5,undirected
45,46,10,undirected
45,56,5,undirected
45,57,10,undirected
45,65,10,undirected
45,70,6,undirected
45,72,23,undirected
45,75,3,undirected
45,76,18,undirected
45,87,6,undirected
45,88,10,undirected
45,91,3,undirected
45,94,21,undirected
45,98,6,undirected
46,50,2,undirected
46,52,12,undirected
46,53,21,undirected
46,54,15,undirected
46,57,19,undirected
46,58,21,undirected
46,61,12,undirected
46,62,20,undirected
46,63,15,undirected
46,65,10,undirected
46,67,9,undirected
46,68,12,undirected
46,71,21,undirected
46,72,10,undirected
46,727,15,undirected
46,729,20,undirected
46,73,12,undirected
46,76,10,undirected
46,77,3,undirected
46,78,9,undirected
46,81,9,undirected
46,832,21,undirected
46,84,12,undirected
46,88,10,undirected
46,96,17,undirected
47,66,10,undirected
47,72,3,undirected
47,832,3,undirected
47,86,12,undirected
47,99,3,undirected
48,56,9,undirected
48,60,3,undirected
48,88,2,undirected
48,94,10,undirected
50,51,74,undirected
50,52,15,undirected
50,53,25,undirected
50,54,25,undirected
50,58,15,undirected
50,61,15,undirected
50,62,9,undirected
50,63,15,undirected
50,68,15,undirected
50,71,32,undirected
50,727,25,undirected
50,729,9,undirected
50,73,15,undirected
50,77,7,undirected
50,81,15,undirected
50,84,29,undirected
50,98,10,undirected
51,52,40,undirected
51,53,50,undirected
51,54,50,undirected
51,58,42,undirected
51,61,30,undirected
51,62,10,undirected
51,63,30,undirected
51,68,30,undirected
51,71,86,undirected
51,727,50,undirected
51,729,10,undirected
51,73,30,undirected
51,77,28,undirected
51,81,30,undirected
51,832,12,undirected
51,84,50,undirected
51,96,10,undirected
51,98,34,undirected
52,53,79,undirected
52,54,95,undirected
52,58,88,undirected
52,61,86,undirected
52,63,68,undirected
52,68,68,undirected
52,71,102,undirected
52,727,95,undirected
52,73,87,undirected
52,81,82,undirected
52,832,64,undirected
52,84,79,undirected
52,96,15,undirected
53,54,111,undirected
53,58,97,undirected
53,61,101,undirected
53,62,9,undirected
53,63,71,undirected
53,68,71,undirected
53,71,117,undirected
53,727,111,undirected
53,729,9,undirected
53,73,81,undirected
53,77,2,undirected
53,81,85,undirected
53,832,65,undirected
53,84,90,undirected
53,96,21,undirected
53,98,19,undirected
54,58,107,undirected
54,61,111,undirected
54,62,3,undirected
54,63,68,undirected
54,68,101,undirected
54,71,127,undirected
54,727,216,undirected
54,729,3,undirected
54,73,110,undirected
54,77,5,undirected
54,78,12,undirected
54,81,97,undirected
54,832,98,undirected
54,84,97,undirected
54,96,4,undirected
54,98,22,undirected
55,82,2,undirected
55,98,2,undirected
56,70,9,undirected
56,72,8,undirected
56,76,7,undirected
56,86,8,undirected
56,87,5,undirected
56,92,2,undirected
56,94,20,undirected
56,99,4,undirected
57,65,10,undirected
57,67,9,undirected
57,72,10,undirected
57,76,10,undirected
57,78,9,undirected
57,88,10,undirected
58,61,97,undirected
58,62,9,undirected
58,63,68,undirected
58,68,71,undirected
58,71,122,undirected
58,727,107,undirected
58,729,9,undirected
58,73,87,undirected
58,77,4,undirected
58,81,94,undirected
58,832,83,undirected
58,84,82,undirected
58,96,13,undirected
58,98,13,undirected
59,9,18,undirected
6,79,2,undirected
60,65,5,undirected
60,70,10,undirected
60,72,14,undirected
60,75,2,undirected
60,76,10,undirected
60,78,10,undirected
60,87,9,undirected
60,88,4,undirected
60,91,10,undirected
60,94,13,undirected
60,99,12,undirected
61,63,78,undirected
61,68,80,undirected
61,71,98,undirected
61,727,111,undirected
61,73,79,undirected
61,81,83,undirected
61,832,65,undirected
61,84,80,undirected
61,96,10,undirected
61,98,9,undirected
62,71,9,undirected
62,727,3,undirected
62,729,53,undirected
62,81,9,undirected
62,832,9,undirected
62,84,4,undirected
62,96,19,undirected
62,98,2,undirected
63,68,66,undirected
63,71,71,undirected
63,727,68,undirected
63,73,61,undirected
63,77,3,undirected
63,78,4,undirected
63,81,69,undirected
63,832,48,undirected
63,84,61,undirected
63,96,10,undirected
64,79,11,undirected
65,72,17,undirected
65,76,10,undirected
65,78,3,undirected
65,87,5,undirected
65,88,10,undirected
66,86,4,undirected
67,78,9,undirected
68,71,84,undirected
68,727,101,undirected
68,73,85,undirected
68,81,70,undirected
68,832,74,undirected
68,84,71,undirected
70,72,18,undirected
70,75,2,undirected
70,76,10,undirected
70,78,10,undirected
70,86,4,undirected
70,87,5,undirected
70,91,16,undirected
70,94,15,undirected
70,99,14,undirected
71,727,127,undirected
71,729,9,undirected
71,73,94,undirected
71,77,7,undirected
71,78,3,undirected
71,81,113,undirected
71,832,102,undirected
71,84,108,undirected
71,96,24,undirected
71,98,19,undirected
72,75,2,undirected
72,76,20,undirected
72,78,13,undirected
72,832,3,undirected
72,87,15,undirected
72,88,14,undirected
72,91,13,undirected
72,94,30,undirected
72,99,12,undirected
727,729,3,undirected
727,73,110,undirected
727,77,5,undirected
727,78,12,undirected
727,81,97,undirected
727,832,98,undirected
727,84,97,undirected
727,96,4,undirected
727,98,22,undirected
729,81,9,undirected
729,832,9,undirected
729,84,4,undirected
729,96,19,undirected
729,98,2,undirected
73,77,5,undirected
73,78,9,undirected
73,81,82,undirected
73,832,86,undirected
73,84,77,undirected
74,85,3,undirected
75,94,3,undirected
76,78,10,undirected
76,80,2,undirected
76,88,12,undirected
76,91,15,undirected
76,94,17,undirected
76,99,12,undirected
77,78,5,undirected
77,81,2,undirected
77,832,7,undirected
77,96,13,undirected
77,98,13,undirected
78,832,9,undirected
78,88,2,undirected
78,91,13,undirected
78,94,10,undirected
78,99,10,undirected
81,832,78,undirected
81,84,76,undirected
81,96,19,undirected
81,98,9,undirected
832,84,60,undirected
832,96,9,undirected
84,96,10,undirected
84,98,19,undirected
86,99,4,undirected
87,88,4,undirected
87,94,15,undirected
89,96,2,undirected
9,92,2,undirected
91,94,12,undirected
91,99,10,undirected
94,99,10,undirected
96,98,5,undirected
