id,component,cluster_louvain,cluster_leiden,degree,closeness,eigen_centrality,Label
1,0,2,0,10,0.4017857142857143,0.010868870877738938,https://openalex.org/W2546189960
11,0,2,0,13,0.4078549848942598,0.010887679676274345,https://openalex.org/W2612367365
17,0,2,0,42,0.45454545454545453,0.06731997899181186,https://openalex.org/W1983406153
2186,0,2,0,79,0.5601659751037344,0.12121340927575668,https://openalex.org/W2291543154
25,0,0,2,73,0.5018587360594795,0.12778763918939198,https://openalex.org/W3096522693
2660,0,2,0,79,0.5601659751037344,0.12121340927575668,https://openalex.org/W2291543154
32,0,2,0,13,0.4078549848942598,0.010887679676274345,https://openalex.org/W2612367365
46,0,2,0,79,0.5601659751037344,0.12121340927575668,https://openalex.org/W2291543154
57,0,2,0,22,0.45302013422818793,0.013814140425599067,https://openalex.org/W2794438485
67,0,2,0,14,0.4090909090909091,0.010885077353597006,https://openalex.org/W2737442553
78,0,2,0,63,0.5192307692307693,0.08699820276065132,https://openalex.org/W3035800846
100,0,0,2,36,0.4485049833887043,0.06484983249143056,https://openalex.org/W4327598178
1500,0,0,2,69,0.4909090909090909,0.12710425323230282,https://openalex.org/W2894683557
1503,0,3,1,68,0.48214285714285715,0.12690112888999835,https://openalex.org/W2895509011
1529,0,3,1,68,0.48214285714285715,0.12690112888999835,https://openalex.org/W2895509011
1572,0,0,2,69,0.4909090909090909,0.12710425323230282,https://openalex.org/W2894683557
1573,0,3,2,66,0.46075085324232085,0.12451556506518244,https://openalex.org/W2894914095
1579,0,3,1,63,0.4623287671232877,0.11994797181433585,https://openalex.org/W2895497822
1721,0,0,2,69,0.4909090909090909,0.12710425323230282,https://openalex.org/W2894683557
1821,0,0,2,69,0.4909090909090909,0.12710425323230282,https://openalex.org/W2894683557
1824,0,3,1,68,0.48214285714285715,0.12690112888999835,https://openalex.org/W2895509011
1895,0,0,2,69,0.4909090909090909,0.12710425323230282,https://openalex.org/W2894683557
1896,0,3,1,68,0.48214285714285715,0.12690112888999835,https://openalex.org/W2895509011
2200,0,3,1,68,0.48214285714285715,0.12690112888999835,https://openalex.org/W2895509011
2492,0,0,2,64,0.4576271186440678,0.11981441044445294,https://openalex.org/W2768220913
2666,0,0,2,69,0.4909090909090909,0.1271042532323028,https://openalex.org/W2894683557
2670,0,3,1,68,0.48214285714285715,0.12690112888999835,https://openalex.org/W2895509011
2787,0,3,1,63,0.4623287671232877,0.11994797181433584,https://openalex.org/W2895497822
2788,0,3,1,68,0.48214285714285715,0.12690112888999835,https://openalex.org/W2895509011
3274,0,0,2,64,0.4576271186440678,0.11981441044445294,https://openalex.org/W2768220913
3283,0,3,1,68,0.48214285714285715,0.12690112888999835,https://openalex.org/W2895509011
3288,0,0,2,56,0.4560810810810811,0.10654654076456155,https://openalex.org/W2991461979
33,0,0,2,64,0.4576271186440678,0.11981441044445294,https://openalex.org/W2768220913
45,0,2,0,27,0.4623287671232877,0.012359444689531898,https://openalex.org/W2518045192
50,0,0,2,50,0.4340836012861736,0.09352952959875634,https://openalex.org/W2801027355
51,0,0,2,64,0.4576271186440678,0.11981441044445294,https://openalex.org/W2768220913
53,0,3,2,66,0.46075085324232085,0.12451556506518244,https://openalex.org/W2894914095
54,0,3,1,68,0.48214285714285715,0.12690112888999835,https://openalex.org/W2895509011
71,0,0,2,69,0.4909090909090909,0.1271042532323028,https://openalex.org/W2894683557
727,0,3,1,68,0.48214285714285715,0.12690112888999835,https://openalex.org/W2895509011
73,0,3,1,63,0.4623287671232877,0.11994797181433585,https://openalex.org/W2895497822
77,0,0,2,56,0.4560810810810811,0.10654654076456156,https://openalex.org/W2991461979
81,0,3,1,66,0.46075085324232085,0.12451556506518244,https://openalex.org/W2983457005
84,0,3,2,64,0.4576271186440678,0.12122147644232344,https://openalex.org/W3133989721
91,0,2,0,16,0.4041916167664671,0.005185090148720374,https://openalex.org/W4221018637
96,0,2,2,61,0.45302013422818793,0.11398495815528117,https://openalex.org/W4200243991
98,0,0,2,40,0.45302013422818793,0.0717069736372843,https://openalex.org/W4365452341
101,0,2,0,5,0.3013392857142857,0.0005188988487400229,https://openalex.org/W4206643945
34,0,2,0,3,0.29475982532751094,0.00035006702103109285,https://openalex.org/W4311236699
74,0,2,0,5,0.25616698292220114,3.59757143744655e-05,https://openalex.org/W3110689777
103,0,2,0,40,0.4426229508196721,0.059528685910051664,https://openalex.org/W4383710507
104,0,2,0,24,0.43130990415335463,0.005741837861136436,https://openalex.org/W4309495336
1446,0,1,3,69,0.5212355212355212,0.1260321499367047,https://openalex.org/W1917627399
1470,0,1,3,69,0.5212355212355212,0.1260321499367047,https://openalex.org/W1917627399
1489,0,1,3,69,0.5212355212355212,0.1260321499367047,https://openalex.org/W1917627399
1501,0,3,1,67,0.4787234042553192,0.12475688714150682,https://openalex.org/W2894753606
1509,0,1,3,69,0.5212355212355212,0.1260321499367047,https://openalex.org/W1917627399
1536,0,1,3,69,0.5212355212355212,0.1260321499367047,https://openalex.org/W1917627399
1697,0,1,3,69,0.5212355212355212,0.1260321499367047,https://openalex.org/W1917627399
1808,0,1,3,69,0.5212355212355212,0.1260321499367047,https://openalex.org/W1917627399
1858,0,1,3,69,0.5212355212355212,0.1260321499367047,https://openalex.org/W1917627399
2069,0,1,3,69,0.5212355212355212,0.1260321499367047,https://openalex.org/W1917627399
2170,0,1,3,69,0.5212355212355212,0.1260321499367047,https://openalex.org/W1917627399
2258,0,1,3,69,0.5212355212355212,0.1260321499367047,https://openalex.org/W1917627399
2644,0,1,3,69,0.5212355212355212,0.1260321499367047,https://openalex.org/W1917627399
2667,0,3,1,67,0.4787234042553192,0.12475688714150682,https://openalex.org/W2894753606
2751,0,1,3,69,0.5212355212355212,0.1260321499367047,https://openalex.org/W1917627399
3596,0,2,0,25,0.4560810810810811,0.011549545848788324,https://openalex.org/W3193745980
36,0,1,3,69,0.5212355212355212,0.1260321499367047,https://openalex.org/W1917627399
3637,0,2,0,45,0.4891304347826087,0.04146027755206673,https://openalex.org/W2725011375
3660,0,2,0,25,0.4560810810810811,0.011549545848788324,https://openalex.org/W3193745980
38,0,2,0,12,0.36,0.0032790628579552855,https://openalex.org/W2067140869
41,0,2,0,21,0.43130990415335463,0.010031238167995938,https://openalex.org/W2211885666
58,0,3,1,67,0.4787234042553192,0.12475688714150682,https://openalex.org/W2894753606
72,0,2,0,45,0.4891304347826087,0.04146027755206673,https://openalex.org/W2725011375
76,0,2,0,25,0.4560810810810811,0.011549545848788324,https://openalex.org/W3193745980
832,0,1,3,69,0.5212355212355212,0.1260321499367047,https://openalex.org/W1917627399
87,0,2,0,13,0.3729281767955801,0.0033148333942659707,https://openalex.org/W3134845393
94,0,2,0,21,0.421875,0.005287350510049834,https://openalex.org/W4283369041
317,0,2,0,24,0.4326923076923077,0.009568056023850557,https://openalex.org/W2041761637
40,0,2,0,25,0.45,0.01067966797728447,https://openalex.org/W2082979380
43,0,2,0,24,0.4326923076923077,0.009568056023850557,https://openalex.org/W2041761637
44,0,2,0,11,0.4041916167664671,0.0034930134386039653,https://openalex.org/W2017521086
56,0,2,0,16,0.375,0.0026534991314599832,https://openalex.org/W2474144775
60,0,2,0,18,0.391304347826087,0.0042462229175140725,https://openalex.org/W2581724875
65,0,2,0,20,0.42586750788643535,0.010381583696690278,https://openalex.org/W2588450759
70,0,2,0,19,0.4153846153846154,0.004320726549665428,https://openalex.org/W2800995841
75,0,2,0,10,0.34615384615384615,0.002159389758311416,https://openalex.org/W2916608537
88,0,2,0,20,0.42586750788643535,0.010338943268068071,https://openalex.org/W4360620777
97,0,2,0,1,0.30201342281879195,9.019570288768046e-05,https://openalex.org/W4226055404
99,0,2,0,17,0.4090909090909091,0.004620650935053337,https://openalex.org/W4211052767
18,0,2,0,4,0.29347826086956524,0.00034754630657142933,https://openalex.org/W1990092605
14,0,2,0,7,0.33251231527093594,0.0008366355755837639,https://openalex.org/W4220958171
29,0,2,0,3,0.25092936802973975,3.942596673220557e-05,https://openalex.org/W2897980683
336,0,2,0,7,0.33251231527093594,0.0008366355755837639,https://openalex.org/W2890722669
47,0,2,0,24,0.41411042944785276,0.03141341416856445,https://openalex.org/W2921451314
66,0,2,0,7,0.33251231527093594,0.0008366355755837639,https://openalex.org/W2890722669
86,0,2,0,9,0.35064935064935066,0.0010153528500905494,https://openalex.org/W3035683435
1575,0,3,1,62,0.45918367346938777,0.11821768890377937,https://openalex.org/W2895198122
1576,0,3,1,60,0.45302013422818793,0.11534718860021444,https://openalex.org/W2895270365
1722,0,3,1,60,0.4470198675496689,0.11606854517232994,https://openalex.org/W2894925006
2197,0,3,1,60,0.4470198675496689,0.11606854517232994,https://openalex.org/W2894925006
2785,0,3,1,60,0.4470198675496689,0.11606854517232994,https://openalex.org/W2894925006
52,0,3,1,60,0.4470198675496689,0.11606854517232994,https://openalex.org/W2894925006
61,0,3,1,62,0.45918367346938777,0.11821768890377937,https://openalex.org/W2895198122
62,0,2,2,51,0.4368932038834951,0.09839238914125137,https://openalex.org/W2898919684
63,0,3,1,63,0.4639175257731959,0.12070752612047127,https://openalex.org/W2793868721
68,0,3,1,60,0.45302013422818793,0.11534718860021444,https://openalex.org/W2895270365
729,0,2,2,51,0.4368932038834951,0.09839238914125137,https://openalex.org/W2898919684
15,0,2,0,5,0.2721774193548387,0.0003515834408500807,https://openalex.org/W3094932340
16,0,0,2,13,0.3609625668449198,0.020930650400541147,https://openalex.org/W2342001105
24,0,2,0,3,0.25139664804469275,2.794416901196927e-05,https://openalex.org/W4200527048
85,0,2,0,5,0.33007334963325186,0.0013921696105271342,https://openalex.org/W3011227050
95,0,2,0,1,0.21428571428571427,5.52019462375028e-06,https://openalex.org/W4378086619
89,0,2,0,2,0.3391959798994975,0.0028467054073625735,https://openalex.org/W4281719045
2702,0,2,0,3,0.2928416485900217,0.00017919019482614396,https://openalex.org/W1728407011
42,0,2,0,3,0.2928416485900217,0.00017919019482614396,https://openalex.org/W1728407011
19,0,4,4,2,0.1605231866825208,1.7804699449294216e-10,https://openalex.org/W2548469526
23,0,4,4,8,0.1906779661016949,1.0767490603980374e-08,https://openalex.org/W2015223621
6,0,4,4,3,0.16071428571428573,1.876773250074728e-10,https://openalex.org/W2742808058
1938,0,4,4,5,0.189873417721519,1.0757652780777073e-08,https://openalex.org/W2271312795
30,0,4,4,5,0.189873417721519,1.0757652780777073e-08,https://openalex.org/W2271312795
64,0,4,4,4,0.16090584028605484,5.323418977372786e-10,https://openalex.org/W2012525493
79,0,4,4,5,0.1610978520286396,5.358712998397099e-10,https://openalex.org/W2994090949
9,0,4,4,6,0.23037542662116042,6.570273477093439e-07,https://openalex.org/W2523280788
20,0,2,0,1,0.2042360060514372,5.649515393963787e-07,https://openalex.org/W3177421727
22,0,4,4,1,0.16033254156769597,1.7436866169271215e-10,https://openalex.org/W2520023658
283,0,4,4,2,0.18776077885952713,1.0559381941673862e-08,https://openalex.org/W2183435816
59,0,4,4,2,0.18776077885952713,1.0559381941673862e-08,https://openalex.org/W2183435816
80,0,2,0,3,0.31542056074766356,0.0005441608216095566,https://openalex.org/W3035439260
4,0,2,0,2,0.33007334963325186,0.0013020561287527745,https://openalex.org/W2118188388
37,0,2,0,1,0.29094827586206895,0.00017091820394457072,https://openalex.org/W2030066779
48,0,2,0,5,0.33007334963325186,0.0005215497166754305,https://openalex.org/W2624920485
55,0,0,2,2,0.313953488372093,0.0011261537507509703,https://openalex.org/W2966612541
82,0,0,2,1,0.2393617021276596,1.768151883512234e-05,https://openalex.org/W2990953305
92,0,4,4,2,0.2860169491525424,4.170109273912315e-05,https://openalex.org/W4221050125
